contrast,omitted_operational_group,estimate_points,shift_points,scope
MEMBRANE_INTERFACE-TM_CORE,family:A0A0H3CQA2,0.5828452356236972,0.00010127684947347504,one operational group; not one dependence block
MEMBRANE_INTERFACE-TM_CORE,family:A0A0H3KP92,0.5863108280450134,0.0035668692707897104,one operational group; not one dependence block
MEMBRANE_INTERFACE-TM_CORE,family:A0A0H3LM39,0.5915339526020917,0.008789993827868024,one operational group; not one dependence block
MEMBRANE_INTERFACE-TM_CORE,family:A0A0H3PAV1,0.5824646281964027,-0.00027933057782109777,one operational group; not one dependence block
MEMBRANE_INTERFACE-TM_CORE,family:A0A0U3H1E6,0.5845553111748056,0.0018113524005819795,one operational group; not one dependence block
MEMBRANE_INTERFACE-TM_CORE,family:A0A100XE85,0.5859967411567671,0.0032527823825434163,one operational group; not one dependence block
MEMBRANE_INTERFACE-TM_CORE,family:A0A1I2I8Z9,0.5905774401433145,0.007833481369090827,one operational group; not one dependence block
MEMBRANE_INTERFACE-TM_CORE,family:A0A1U7U6F1,0.577537675721693,-0.00520628305253068,one operational group; not one dependence block
MEMBRANE_INTERFACE-TM_CORE,family:A0A2S6NEG7,0.586515019450679,0.003771060676455249,one operational group; not one dependence block
MEMBRANE_INTERFACE-TM_CORE,family:A0A2U9PNL2,0.5848333922848328,0.0020894335106090914,one operational group; not one dependence block
MEMBRANE_INTERFACE-TM_CORE,family:A0A380PV03,0.5816670557236627,-0.0010769030505610074,one operational group; not one dependence block
MEMBRANE_INTERFACE-TM_CORE,family:A0A3D4RH01,0.5914485272381367,0.008704568463912925,one operational group; not one dependence block
MEMBRANE_INTERFACE-TM_CORE,family:A0A3G8M5C3,0.5839859544213593,0.0012419956471355735,one operational group; not one dependence block
MEMBRANE_INTERFACE-TM_CORE,family:A0A421IFY4,0.5809802536853516,-0.0017637050888721223,one operational group; not one dependence block
MEMBRANE_INTERFACE-TM_CORE,family:A0A6J4B0E7,0.5861131004249975,0.0033691416507738645,one operational group; not one dependence block
MEMBRANE_INTERFACE-TM_CORE,family:A0A6P1C618,0.5967173497611513,0.01397339098692758,one operational group; not one dependence block
MEMBRANE_INTERFACE-TM_CORE,family:A0A6P3HVI0,0.5886513862866589,0.0059074275124352225,one operational group; not one dependence block
MEMBRANE_INTERFACE-TM_CORE,family:A0A7X9ZJZ3,0.5833660854812031,0.0006221267069794062,one operational group; not one dependence block
MEMBRANE_INTERFACE-TM_CORE,family:A0A8X8GS28,0.5814795716855098,-0.0012643870887138996,one operational group; not one dependence block
MEMBRANE_INTERFACE-TM_CORE,family:A0A979HMS2,0.574931053721369,-0.007812905052854719,one operational group; not one dependence block
MEMBRANE_INTERFACE-TM_CORE,family:A0ABF7PI33,0.5961799071393471,0.01343594836512342,one operational group; not one dependence block
MEMBRANE_INTERFACE-TM_CORE,family:A0L5S6,0.587978013272233,0.005234054498009285,one operational group; not one dependence block
MEMBRANE_INTERFACE-TM_CORE,family:A0LNN5,0.5904111949390952,0.007667236164871517,one operational group; not one dependence block
MEMBRANE_INTERFACE-TM_CORE,family:A0QP27,0.5853905741946144,0.002646615420390675,one operational group; not one dependence block
MEMBRANE_INTERFACE-TM_CORE,family:A0R049,0.5820748905012268,-0.0006690682729968214,one operational group; not one dependence block
MEMBRANE_INTERFACE-TM_CORE,family:A0R612,0.5831200532148677,0.0003760944406440425,one operational group; not one dependence block
MEMBRANE_INTERFACE-TM_CORE,family:A1L3X0,0.5875148289204932,0.004770870146269483,one operational group; not one dependence block
MEMBRANE_INTERFACE-TM_CORE,family:A1T557,0.584728703445601,0.001984744671377353,one operational group; not one dependence block
MEMBRANE_INTERFACE-TM_CORE,family:A2RI47,0.5848211672869458,0.0020772085127220875,one operational group; not one dependence block
MEMBRANE_INTERFACE-TM_CORE,family:A2RMJ9,0.5844040703309623,0.0016601115567386159,one operational group; not one dependence block
MEMBRANE_INTERFACE-TM_CORE,family:A5F5Y5,0.6180859460357769,0.03534198726155326,one operational group; not one dependence block
MEMBRANE_INTERFACE-TM_CORE,family:A5FJF3,0.5879180595104893,0.005174100736265574,one operational group; not one dependence block
MEMBRANE_INTERFACE-TM_CORE,family:A5GZW8,0.5862235818787014,0.0034796231044776325,one operational group; not one dependence block
MEMBRANE_INTERFACE-TM_CORE,family:A7NJ92,0.5890918896271491,0.006347930852925333,one operational group; not one dependence block
MEMBRANE_INTERFACE-TM_CORE,family:A8ALU5,0.58642755114866,0.003683592374436294,one operational group; not one dependence block
MEMBRANE_INTERFACE-TM_CORE,family:B0FAQ4,0.5830577652239447,0.0003138064497210276,one operational group; not one dependence block
MEMBRANE_INTERFACE-TM_CORE,family:B0R2U4,0.5914203501070253,0.008676391332801663,one operational group; not one dependence block
MEMBRANE_INTERFACE-TM_CORE,family:B3DLA5,0.5704130041992707,-0.012330954574953003,one operational group; not one dependence block
MEMBRANE_INTERFACE-TM_CORE,family:B4EKB4,0.5835171200423559,0.000773161268132188,one operational group; not one dependence block
MEMBRANE_INTERFACE-TM_CORE,family:B4EY22,0.5904566350228639,0.007712676248640242,one operational group; not one dependence block
MEMBRANE_INTERFACE-TM_CORE,family:B4EZY7,0.5839710057164057,0.001227046942181998,one operational group; not one dependence block
MEMBRANE_INTERFACE-TM_CORE,family:B4FZ94,0.5866821805048315,0.003938221730607778,one operational group; not one dependence block
MEMBRANE_INTERFACE-TM_CORE,family:B7IE18,0.5949122228798557,0.01216826410563197,one operational group; not one dependence block
MEMBRANE_INTERFACE-TM_CORE,family:B7LI20,0.5862426598398193,0.0034987010655955497,one operational group; not one dependence block
MEMBRANE_INTERFACE-TM_CORE,family:C7R5Z1,0.5862874116227581,0.0035434528485344015,one operational group; not one dependence block
MEMBRANE_INTERFACE-TM_CORE,family:D0VWR1,0.5848745815172177,0.0021306227429939914,one operational group; not one dependence block
MEMBRANE_INTERFACE-TM_CORE,family:D0VWR7,0.5914944968169933,0.008750538042769616,one operational group; not one dependence block
MEMBRANE_INTERFACE-TM_CORE,family:D0VWR8,0.5847871604827233,0.002043201708499566,one operational group; not one dependence block
MEMBRANE_INTERFACE-TM_CORE,family:D2ZZC1,0.5775720705967116,-0.005171888177512088,one operational group; not one dependence block
MEMBRANE_INTERFACE-TM_CORE,family:D6R8X8,0.5812293248026746,-0.0015146339715490717,one operational group; not one dependence block
MEMBRANE_INTERFACE-TM_CORE,family:D6WJ77,0.5730827569136163,-0.009661201860607354,one operational group; not one dependence block
MEMBRANE_INTERFACE-TM_CORE,family:E1BF86,0.5773728489961658,-0.005371109778057933,one operational group; not one dependence block
MEMBRANE_INTERFACE-TM_CORE,family:E4TN31,0.5615750748788536,-0.02116888389537006,one operational group; not one dependence block
MEMBRANE_INTERFACE-TM_CORE,family:F1NCD6,0.5878033717388388,0.0050594129646150746,one operational group; not one dependence block
MEMBRANE_INTERFACE-TM_CORE,family:F1NJ67,0.5860068201600398,0.0032628613858161175,one operational group; not one dependence block
MEMBRANE_INTERFACE-TM_CORE,family:F2QVG4,0.5805055059512418,-0.0022384528229818686,one operational group; not one dependence block
MEMBRANE_INTERFACE-TM_CORE,family:F6RG56,0.5808156039130513,-0.0019283548611723905,one operational group; not one dependence block
MEMBRANE_INTERFACE-TM_CORE,family:G0GAP6,0.58130334983947,-0.0014406089347537843,one operational group; not one dependence block
MEMBRANE_INTERFACE-TM_CORE,family:G2Q1C9,0.5816774934070851,-0.0010664653671386623,one operational group; not one dependence block
MEMBRANE_INTERFACE-TM_CORE,family:G2Q5N0,0.536344678127622,-0.04639928064660171,one operational group; not one dependence block
MEMBRANE_INTERFACE-TM_CORE,family:G2QNH0,0.5716687466792998,-0.01107521209492389,one operational group; not one dependence block
MEMBRANE_INTERFACE-TM_CORE,family:G3IEF0,0.5693485811143252,-0.013395377659898566,one operational group; not one dependence block
MEMBRANE_INTERFACE-TM_CORE,family:G4CRQ5,0.5850808581337286,0.0023368993595048425,one operational group; not one dependence block
MEMBRANE_INTERFACE-TM_CORE,family:G4SW86,0.5797620934451867,-0.002981865329036975,one operational group; not one dependence block
MEMBRANE_INTERFACE-TM_CORE,family:G4Z2L3,0.5815599484325951,-0.001184010341628676,one operational group; not one dependence block
MEMBRANE_INTERFACE-TM_CORE,family:H6LFT0,0.5808078608904316,-0.0019360978837921691,one operational group; not one dependence block
MEMBRANE_INTERFACE-TM_CORE,family:I1J9K0,0.5795096493818831,-0.003234309392340616,one operational group; not one dependence block
MEMBRANE_INTERFACE-TM_CORE,family:J7QAK3,0.572381406701741,-0.010362552072482739,one operational group; not one dependence block
MEMBRANE_INTERFACE-TM_CORE,family:K9UJK2,0.5904192221546269,0.007675263380403294,one operational group; not one dependence block
MEMBRANE_INTERFACE-TM_CORE,family:L7N662,0.5863487792391726,0.0036048204649489525,one operational group; not one dependence block
MEMBRANE_INTERFACE-TM_CORE,family:M4GGS2,0.5926204338889399,0.009876475114716215,one operational group; not one dependence block
MEMBRANE_INTERFACE-TM_CORE,family:N0DKS8,0.5847429341561512,0.0019989753819275,one operational group; not one dependence block
MEMBRANE_INTERFACE-TM_CORE,family:O00767,0.5865736607125551,0.0038297019383314035,one operational group; not one dependence block
MEMBRANE_INTERFACE-TM_CORE,family:O05000,0.5856020203347854,0.00285806156056171,one operational group; not one dependence block
MEMBRANE_INTERFACE-TM_CORE,family:O06139,0.5835525546185154,0.0008085958442916735,one operational group; not one dependence block
MEMBRANE_INTERFACE-TM_CORE,family:O14684,0.5831794732759615,0.00043551450173784714,one operational group; not one dependence block
MEMBRANE_INTERFACE-TM_CORE,family:O15118,0.5828823895773413,0.0001384308031175327,one operational group; not one dependence block
MEMBRANE_INTERFACE-TM_CORE,family:O15439,0.583837008871556,0.0010930500973322863,one operational group; not one dependence block
MEMBRANE_INTERFACE-TM_CORE,family:O15554,0.5887869560494068,0.006042997275183034,one operational group; not one dependence block
MEMBRANE_INTERFACE-TM_CORE,family:O27985,0.5775725787904766,-0.005171379983747067,one operational group; not one dependence block
MEMBRANE_INTERFACE-TM_CORE,family:O29285,0.5912327547238327,0.008488795949608986,one operational group; not one dependence block
MEMBRANE_INTERFACE-TM_CORE,family:O29777,0.5764121823667253,-0.006331776407498407,one operational group; not one dependence block
MEMBRANE_INTERFACE-TM_CORE,family:O31539,0.507939296304092,-0.07480466247013172,one operational group; not one dependence block
MEMBRANE_INTERFACE-TM_CORE,family:O32081,0.5761848774269884,-0.006559081347235277,one operational group; not one dependence block
MEMBRANE_INTERFACE-TM_CORE,family:O34840,0.5814240659885561,-0.0013198927856675896,one operational group; not one dependence block
MEMBRANE_INTERFACE-TM_CORE,family:O60931,0.5890132624955359,0.006269303721312142,one operational group; not one dependence block
MEMBRANE_INTERFACE-TM_CORE,family:O66465,0.5845586268283569,0.0018146680541331756,one operational group; not one dependence block
MEMBRANE_INTERFACE-TM_CORE,family:O67182,0.5711547044375975,-0.011589254336626196,one operational group; not one dependence block
MEMBRANE_INTERFACE-TM_CORE,family:O67305,0.5955524849017694,0.0128085261275457,one operational group; not one dependence block
MEMBRANE_INTERFACE-TM_CORE,family:O77389,0.58305454546462,0.00031058669039624523,one operational group; not one dependence block
MEMBRANE_INTERFACE-TM_CORE,family:O88454,0.580203147064034,-0.0025408117101897824,one operational group; not one dependence block
MEMBRANE_INTERFACE-TM_CORE,family:O97467,0.5855533650453609,0.0028094062711372762,one operational group; not one dependence block
MEMBRANE_INTERFACE-TM_CORE,family:P00157,0.58563573651622,0.0028917777419963306,one operational group; not one dependence block
MEMBRANE_INTERFACE-TM_CORE,family:P00165,0.5921145404981869,0.009370581723963222,one operational group; not one dependence block
MEMBRANE_INTERFACE-TM_CORE,family:P00166,0.5834197692595017,0.0006758104852780042,one operational group; not one dependence block
MEMBRANE_INTERFACE-TM_CORE,family:P02710,0.584858535726314,0.002114576952090292,one operational group; not one dependence block
MEMBRANE_INTERFACE-TM_CORE,family:P02920,0.5845255430981371,0.0017815843239133919,one operational group; not one dependence block
MEMBRANE_INTERFACE-TM_CORE,family:P03960,0.5828455466036826,0.00010158782945890107,one operational group; not one dependence block
MEMBRANE_INTERFACE-TM_CORE,family:P05023,0.5866109468716354,0.0038669880974117297,one operational group; not one dependence block
MEMBRANE_INTERFACE-TM_CORE,family:P05030,0.5948158382484948,0.012071879474271144,one operational group; not one dependence block
MEMBRANE_INTERFACE-TM_CORE,family:P07371,0.5846831283700595,0.001939169595835833,one operational group; not one dependence block
MEMBRANE_INTERFACE-TM_CORE,family:P08183,0.5819164589890721,-0.0008274997851516648,one operational group; not one dependence block
MEMBRANE_INTERFACE-TM_CORE,family:P0A0J7,0.5942544415590477,0.011510482784824003,one operational group; not one dependence block
MEMBRANE_INTERFACE-TM_CORE,family:P0A924,0.5824562823832315,-0.00028767639099211775,one operational group; not one dependence block
MEMBRANE_INTERFACE-TM_CORE,family:P0AAM1,0.5728476437818331,-0.009896314992390628,one operational group; not one dependence block
MEMBRANE_INTERFACE-TM_CORE,family:P0ABE5,0.5759672609302885,-0.006776697843935246,one operational group; not one dependence block
MEMBRANE_INTERFACE-TM_CORE,family:P0ABL8,0.5669030512280258,-0.015840907546197953,one operational group; not one dependence block
MEMBRANE_INTERFACE-TM_CORE,family:P0AC23,0.5885522668312262,0.005808308057002505,one operational group; not one dependence block
MEMBRANE_INTERFACE-TM_CORE,family:P0AEK7,0.57843771913895,-0.004306239635273618,one operational group; not one dependence block
MEMBRANE_INTERFACE-TM_CORE,family:P0AEY8,0.5889922360724086,0.006248277298184866,one operational group; not one dependence block
MEMBRANE_INTERFACE-TM_CORE,family:P0AFF4,0.5777853961432267,-0.004958562630997046,one operational group; not one dependence block
MEMBRANE_INTERFACE-TM_CORE,family:P0AFS5,0.5723230942475364,-0.010420864526687352,one operational group; not one dependence block
MEMBRANE_INTERFACE-TM_CORE,family:P0AGF4,0.5916862529052207,0.008942294130996967,one operational group; not one dependence block
MEMBRANE_INTERFACE-TM_CORE,family:P0AGM7,0.570445001193435,-0.012298957580788705,one operational group; not one dependence block
MEMBRANE_INTERFACE-TM_CORE,family:P10903,0.5847293884168694,0.001985429642645687,one operational group; not one dependence block
MEMBRANE_INTERFACE-TM_CORE,family:P11551,0.5867687666402216,0.0040248078659979244,one operational group; not one dependence block
MEMBRANE_INTERFACE-TM_CORE,family:P12946,0.5644921803372966,-0.018251778436927102,one operational group; not one dependence block
MEMBRANE_INTERFACE-TM_CORE,family:P13738,0.5838373650305843,0.0010934062563605108,one operational group; not one dependence block
MEMBRANE_INTERFACE-TM_CORE,family:P17413,0.5852575673509959,0.0025136085767722173,one operational group; not one dependence block
MEMBRANE_INTERFACE-TM_CORE,family:P18577,0.5847870408185627,0.002043082044339041,one operational group; not one dependence block
MEMBRANE_INTERFACE-TM_CORE,family:P20292,0.5845505240273269,0.001806565253103208,one operational group; not one dependence block
MEMBRANE_INTERFACE-TM_CORE,family:P21616,0.5859817066144627,0.003237747840238985,one operational group; not one dependence block
MEMBRANE_INTERFACE-TM_CORE,family:P23886,0.5781990709306523,-0.004544887843571481,one operational group; not one dependence block
MEMBRANE_INTERFACE-TM_CORE,family:P23975,0.6079179559359569,0.02517399716173317,one operational group; not one dependence block
MEMBRANE_INTERFACE-TM_CORE,family:P29018,0.5961740232296993,0.013430064455475545,one operational group; not one dependence block
MEMBRANE_INTERFACE-TM_CORE,family:P29388,0.5799355635940118,-0.002808395180211882,one operational group; not one dependence block
MEMBRANE_INTERFACE-TM_CORE,family:P29973,0.5774267042460612,-0.005317254528162518,one operational group; not one dependence block
MEMBRANE_INTERFACE-TM_CORE,family:P30572,0.583218042962796,0.0004740841885723067,one operational group; not one dependence block
MEMBRANE_INTERFACE-TM_CORE,family:P30878,0.5760943934925097,-0.006649565281714037,one operational group; not one dependence block
MEMBRANE_INTERFACE-TM_CORE,family:P30988,0.5872474863485484,0.004503527574324737,one operational group; not one dependence block
MEMBRANE_INTERFACE-TM_CORE,family:P31122,0.5824868070656597,-0.00025715170856397546,one operational group; not one dependence block
MEMBRANE_INTERFACE-TM_CORE,family:P31213,0.5836110813255653,0.0008671225513415259,one operational group; not one dependence block
MEMBRANE_INTERFACE-TM_CORE,family:P31224,0.5700282289572784,-0.01271572981694528,one operational group; not one dependence block
MEMBRANE_INTERFACE-TM_CORE,family:P31382,0.5877773905398727,0.005033431765648962,one operational group; not one dependence block
MEMBRANE_INTERFACE-TM_CORE,family:P31547,0.5988174911445258,0.01607353237030205,one operational group; not one dependence block
MEMBRANE_INTERFACE-TM_CORE,family:P31602,0.5714726398936475,-0.011271318880576222,one operational group; not one dependence block
MEMBRANE_INTERFACE-TM_CORE,family:P31639,0.5887819421138571,0.006037983339633388,one operational group; not one dependence block
MEMBRANE_INTERFACE-TM_CORE,family:P33897,0.5796002688504992,-0.00314368992372447,one operational group; not one dependence block
MEMBRANE_INTERFACE-TM_CORE,family:P34413,0.5815702423440031,-0.00117371643022059,one operational group; not one dependence block
MEMBRANE_INTERFACE-TM_CORE,family:P37019,0.586496293091091,0.003752334316867254,one operational group; not one dependence block
MEMBRANE_INTERFACE-TM_CORE,family:P38054,0.5892096993130664,0.00646574053884269,one operational group; not one dependence block
MEMBRANE_INTERFACE-TM_CORE,family:P38377,0.5812165993399332,-0.0015273594342905296,one operational group; not one dependence block
MEMBRANE_INTERFACE-TM_CORE,family:P39007,0.5865770634501541,0.003833104675930385,one operational group; not one dependence block
MEMBRANE_INTERFACE-TM_CORE,family:P39301,0.5845242692712723,0.001780310497048656,one operational group; not one dependence block
MEMBRANE_INTERFACE-TM_CORE,family:P39524,0.5840147943995734,0.0012708356253496485,one operational group; not one dependence block
MEMBRANE_INTERFACE-TM_CORE,family:P39986,0.574422685459233,-0.008321273314990628,one operational group; not one dependence block
MEMBRANE_INTERFACE-TM_CORE,family:P40107,0.5869821467493305,0.004238187975106732,one operational group; not one dependence block
MEMBRANE_INTERFACE-TM_CORE,family:P41180,0.5939063241859582,0.011162365411734529,one operational group; not one dependence block
MEMBRANE_INTERFACE-TM_CORE,family:P41440,0.5889541465478544,0.006210187773630655,one operational group; not one dependence block
MEMBRANE_INTERFACE-TM_CORE,family:P43005,0.5806869159393424,-0.0020570428348813154,one operational group; not one dependence block
MEMBRANE_INTERFACE-TM_CORE,family:P43457,0.5886388729239365,0.005894914149712736,one operational group; not one dependence block
MEMBRANE_INTERFACE-TM_CORE,family:P44741,0.5844324470046385,0.0016884882304147274,one operational group; not one dependence block
MEMBRANE_INTERFACE-TM_CORE,family:P44783,0.5733353391438542,-0.009408619630369569,one operational group; not one dependence block
MEMBRANE_INTERFACE-TM_CORE,family:P45844,0.5770652652222963,-0.005678693551927454,one operational group; not one dependence block
MEMBRANE_INTERFACE-TM_CORE,family:P51798,0.583865771547751,0.0011218127735272351,one operational group; not one dependence block
MEMBRANE_INTERFACE-TM_CORE,family:P53985,0.5887873689411147,0.0060434101668910105,one operational group; not one dependence block
MEMBRANE_INTERFACE-TM_CORE,family:P54582,0.585352216465536,0.0026082576913123365,one operational group; not one dependence block
MEMBRANE_INTERFACE-TM_CORE,family:P56726,0.5662943214965024,-0.016449637277721283,one operational group; not one dependence block
MEMBRANE_INTERFACE-TM_CORE,family:P57758,0.5733774369756914,-0.009366521798532309,one operational group; not one dependence block
MEMBRANE_INTERFACE-TM_CORE,family:P60061,0.5868520106975724,0.00410805192334867,one operational group; not one dependence block
MEMBRANE_INTERFACE-TM_CORE,family:P60497,0.5831325819994121,0.00038862322518842113,one operational group; not one dependence block
MEMBRANE_INTERFACE-TM_CORE,family:P60933,0.5883978022561687,0.005653843481944962,one operational group; not one dependence block
MEMBRANE_INTERFACE-TM_CORE,family:P60955,0.5674132000666269,-0.01533075870759678,one operational group; not one dependence block
MEMBRANE_INTERFACE-TM_CORE,family:P64606,0.5822527613906777,-0.0004911973835459993,one operational group; not one dependence block
MEMBRANE_INTERFACE-TM_CORE,family:P68183,0.5883049804005238,0.005561021626300164,one operational group; not one dependence block
MEMBRANE_INTERFACE-TM_CORE,family:P69380,0.6081792344690871,0.025435275694863334,one operational group; not one dependence block
MEMBRANE_INTERFACE-TM_CORE,family:P69801,0.5855131455642524,0.0027691867900286188,one operational group; not one dependence block
MEMBRANE_INTERFACE-TM_CORE,family:P75831,0.5821935989176128,-0.0005503598566108589,one operational group; not one dependence block
MEMBRANE_INTERFACE-TM_CORE,family:P82251,0.572289233976473,-0.010454724797750656,one operational group; not one dependence block
MEMBRANE_INTERFACE-TM_CORE,family:P92506,0.5889434413964639,0.006199482622240224,one operational group; not one dependence block
MEMBRANE_INTERFACE-TM_CORE,family:P92558,0.5863792924947944,0.003635333720570632,one operational group; not one dependence block
MEMBRANE_INTERFACE-TM_CORE,family:P92960,0.5910072865969976,0.008263327822773895,one operational group; not one dependence block
MEMBRANE_INTERFACE-TM_CORE,family:P93313,0.586559459568489,0.00381550079426524,one operational group; not one dependence block
MEMBRANE_INTERFACE-TM_CORE,family:P9WN03,0.5885545458705843,0.005810587096360606,one operational group; not one dependence block
MEMBRANE_INTERFACE-TM_CORE,family:P9WP37,0.5815908143234396,-0.0011531444507840646,one operational group; not one dependence block
MEMBRANE_INTERFACE-TM_CORE,family:P9WPG7,0.5779516743701032,-0.004792284404120557,one operational group; not one dependence block
MEMBRANE_INTERFACE-TM_CORE,family:Q02060,0.5851612994586923,0.002417340684468614,one operational group; not one dependence block
MEMBRANE_INTERFACE-TM_CORE,family:Q03529,0.5832860427199685,0.000542083945744877,one operational group; not one dependence block
MEMBRANE_INTERFACE-TM_CORE,family:Q03720,0.592139910254266,0.009395951480042387,one operational group; not one dependence block
MEMBRANE_INTERFACE-TM_CORE,family:Q03PY7,0.5871784784265983,0.004434519652374638,one operational group; not one dependence block
MEMBRANE_INTERFACE-TM_CORE,family:Q03S56,0.5380707908109564,-0.04467316796326727,one operational group; not one dependence block
MEMBRANE_INTERFACE-TM_CORE,family:Q08BA4,0.5753880965908338,-0.007355862183389909,one operational group; not one dependence block
MEMBRANE_INTERFACE-TM_CORE,family:Q12001,0.5876210174764899,0.004877058702266145,one operational group; not one dependence block
MEMBRANE_INTERFACE-TM_CORE,family:Q13336,0.5837934278508794,0.0010494690766556583,one operational group; not one dependence block
MEMBRANE_INTERFACE-TM_CORE,family:Q13563,0.5879403321490075,0.005196373374783802,one operational group; not one dependence block
MEMBRANE_INTERFACE-TM_CORE,family:Q14728,0.5854553134158258,0.0027113546416020554,one operational group; not one dependence block
MEMBRANE_INTERFACE-TM_CORE,family:Q14973,0.5925009424590456,0.00975698368482188,one operational group; not one dependence block
MEMBRANE_INTERFACE-TM_CORE,family:Q15125,0.5971132632151144,0.014369304440890653,one operational group; not one dependence block
MEMBRANE_INTERFACE-TM_CORE,family:Q2FZP8,0.5805493951255151,-0.002194563648708677,one operational group; not one dependence block
MEMBRANE_INTERFACE-TM_CORE,family:Q2YYX7,0.5845962028040591,0.0018522440298354183,one operational group; not one dependence block
MEMBRANE_INTERFACE-TM_CORE,family:Q39232,0.57940992288202,-0.0033340358922037683,one operational group; not one dependence block
MEMBRANE_INTERFACE-TM_CORE,family:Q3MHW7,0.5787647602369628,-0.0039791985372609855,one operational group; not one dependence block
MEMBRANE_INTERFACE-TM_CORE,family:Q3TH73,0.5911524666988445,0.008408507924620792,one operational group; not one dependence block
MEMBRANE_INTERFACE-TM_CORE,family:Q51330,0.5900775208369362,0.007333562062712511,one operational group; not one dependence block
MEMBRANE_INTERFACE-TM_CORE,family:Q57556,0.5813935027368342,-0.0013504560373894976,one operational group; not one dependence block
MEMBRANE_INTERFACE-TM_CORE,family:Q57727,0.5789899214813194,-0.003754037292904265,one operational group; not one dependence block
MEMBRANE_INTERFACE-TM_CORE,family:Q5FKK5,0.5850435506170862,0.00229959184286253,one operational group; not one dependence block
MEMBRANE_INTERFACE-TM_CORE,family:Q5N8J1,0.5928391647475231,0.010095205973299423,one operational group; not one dependence block
MEMBRANE_INTERFACE-TM_CORE,family:Q5QUJ8,0.5860613355524643,0.0033173767782406285,one operational group; not one dependence block
MEMBRANE_INTERFACE-TM_CORE,family:Q5SHQ8,0.5880436039598542,0.005299645185630544,one operational group; not one dependence block
MEMBRANE_INTERFACE-TM_CORE,family:Q5SIA2,0.5877616486155198,0.005017689841296108,one operational group; not one dependence block
MEMBRANE_INTERFACE-TM_CORE,family:Q5SIX3,0.5605835363240169,-0.022160422450206822,one operational group; not one dependence block
MEMBRANE_INTERFACE-TM_CORE,family:Q5SJ79,0.5847858540384123,0.002041895264188586,one operational group; not one dependence block
MEMBRANE_INTERFACE-TM_CORE,family:Q5SKE6,0.5830285972274626,0.0002846384532388495,one operational group; not one dependence block
MEMBRANE_INTERFACE-TM_CORE,family:Q5T9L3,0.5626252105445672,-0.020118748229656577,one operational group; not one dependence block
MEMBRANE_INTERFACE-TM_CORE,family:Q5VTY9,0.589193724742763,0.006449765968539328,one operational group; not one dependence block
MEMBRANE_INTERFACE-TM_CORE,family:Q5W0Z9,0.5829604133036094,0.00021645452938567553,one operational group; not one dependence block
MEMBRANE_INTERFACE-TM_CORE,family:Q5XEZ5,0.5772417252254669,-0.005502233548756747,one operational group; not one dependence block
MEMBRANE_INTERFACE-TM_CORE,family:Q61420,0.586081383140812,0.0033374243665883555,one operational group; not one dependence block
MEMBRANE_INTERFACE-TM_CORE,family:Q63008,0.5760096795682232,-0.006734279206000501,one operational group; not one dependence block
MEMBRANE_INTERFACE-TM_CORE,family:Q687X5,0.5591634946466778,-0.0235804641275459,one operational group; not one dependence block
MEMBRANE_INTERFACE-TM_CORE,family:Q6IYF9,0.5831632965795618,0.00041933780533806933,one operational group; not one dependence block
MEMBRANE_INTERFACE-TM_CORE,family:Q6J8X0,0.5817805762740992,-0.0009633825001245482,one operational group; not one dependence block
MEMBRANE_INTERFACE-TM_CORE,family:Q6LPW1,0.5853117128974991,0.002567754123275392,one operational group; not one dependence block
MEMBRANE_INTERFACE-TM_CORE,family:Q6LZY8,0.5829402666439393,0.00019630786971562217,one operational group; not one dependence block
MEMBRANE_INTERFACE-TM_CORE,family:Q6MLJ0,0.5791508948449064,-0.003593063929317221,one operational group; not one dependence block
MEMBRANE_INTERFACE-TM_CORE,family:Q72IU4,0.5628425611012786,-0.019901397672945128,one operational group; not one dependence block
MEMBRANE_INTERFACE-TM_CORE,family:Q7Z3C6,0.5849359217636242,0.0021919629894004596,one operational group; not one dependence block
MEMBRANE_INTERFACE-TM_CORE,family:Q80WG5,0.5890370638506425,0.006293105076418757,one operational group; not one dependence block
MEMBRANE_INTERFACE-TM_CORE,family:Q86V24,0.5875622111402581,0.00481825236603433,one operational group; not one dependence block
MEMBRANE_INTERFACE-TM_CORE,family:Q86YT5,0.5830805435044325,0.0003365847302087832,one operational group; not one dependence block
MEMBRANE_INTERFACE-TM_CORE,family:Q8BHY3,0.5720324401346957,-0.01071151863952808,one operational group; not one dependence block
MEMBRANE_INTERFACE-TM_CORE,family:Q8C1E7,0.5835386953140075,0.0007947365397837323,one operational group; not one dependence block
MEMBRANE_INTERFACE-TM_CORE,family:Q8FDZ8,0.5801075894947264,-0.0026363692794973033,one operational group; not one dependence block
MEMBRANE_INTERFACE-TM_CORE,family:Q8IVW8,0.5815280987464008,-0.0012158600278229861,one operational group; not one dependence block
MEMBRANE_INTERFACE-TM_CORE,family:Q8K424,0.5661717749698301,-0.016572183804393695,one operational group; not one dependence block
MEMBRANE_INTERFACE-TM_CORE,family:Q8N5C1,0.5903736140775376,0.007629655303313925,one operational group; not one dependence block
MEMBRANE_INTERFACE-TM_CORE,family:Q8PAS2,0.5849848968455135,0.0022409380712897116,one operational group; not one dependence block
MEMBRANE_INTERFACE-TM_CORE,family:Q8RCC3,0.5941685085045342,0.011424549730310474,one operational group; not one dependence block
MEMBRANE_INTERFACE-TM_CORE,family:Q8U4M3,0.5829635079478174,0.00021954917359366666,one operational group; not one dependence block
MEMBRANE_INTERFACE-TM_CORE,family:Q8VCW4,0.5673624175884499,-0.015381541185773874,one operational group; not one dependence block
MEMBRANE_INTERFACE-TM_CORE,family:Q94KI8,0.570329239023614,-0.012414719750609721,one operational group; not one dependence block
MEMBRANE_INTERFACE-TM_CORE,family:Q99808,0.5837293045950877,0.0009853458208639206,one operational group; not one dependence block
MEMBRANE_INTERFACE-TM_CORE,family:Q9BSA9,0.5851145126989911,0.0023705539247674025,one operational group; not one dependence block
MEMBRANE_INTERFACE-TM_CORE,family:Q9C994,0.5788972409577672,-0.003846717816456506,one operational group; not one dependence block
MEMBRANE_INTERFACE-TM_CORE,family:Q9CMQ1,0.5783160254195443,-0.004427933354679385,one operational group; not one dependence block
MEMBRANE_INTERFACE-TM_CORE,family:Q9EQJ0,0.5867254232646535,0.003981464490429749,one operational group; not one dependence block
MEMBRANE_INTERFACE-TM_CORE,family:Q9H221,0.5737984407050152,-0.0089455180692085,one operational group; not one dependence block
MEMBRANE_INTERFACE-TM_CORE,family:Q9H222,0.5857447697590804,0.0030008109848566646,one operational group; not one dependence block
MEMBRANE_INTERFACE-TM_CORE,family:Q9H237,0.5793864868267089,-0.0033574719475148486,one operational group; not one dependence block
MEMBRANE_INTERFACE-TM_CORE,family:Q9H3H5,0.5816560013360773,-0.0010879574381463496,one operational group; not one dependence block
MEMBRANE_INTERFACE-TM_CORE,family:Q9JI12,0.5947839819193795,0.012040023145155811,one operational group; not one dependence block
MEMBRANE_INTERFACE-TM_CORE,family:Q9KDP2,0.5962481170328281,0.013504158258604432,one operational group; not one dependence block
MEMBRANE_INTERFACE-TM_CORE,family:Q9LFP6,0.5758699349729307,-0.006874023801292997,one operational group; not one dependence block
MEMBRANE_INTERFACE-TM_CORE,family:Q9NA73,0.569829215896817,-0.012914742877406706,one operational group; not one dependence block
MEMBRANE_INTERFACE-TM_CORE,family:Q9NQ11,0.572772492836261,-0.009971465937962717,one operational group; not one dependence block
MEMBRANE_INTERFACE-TM_CORE,family:Q9NW15,0.5776184762837535,-0.0051254824904702415,one operational group; not one dependence block
MEMBRANE_INTERFACE-TM_CORE,family:Q9NWC5,0.5923341319937557,0.009590173219532067,one operational group; not one dependence block
MEMBRANE_INTERFACE-TM_CORE,family:Q9RFC8,0.5929439185686212,0.01019995979439749,one operational group; not one dependence block
MEMBRANE_INTERFACE-TM_CORE,family:Q9U6P4,0.5962903823527396,0.013546423578515883,one operational group; not one dependence block
MEMBRANE_INTERFACE-TM_CORE,family:Q9UNQ0,0.5845568322559165,0.001812873481692786,one operational group; not one dependence block
MEMBRANE_INTERFACE-TM_CORE,family:Q9WY99,0.593345056194794,0.010601097420570322,one operational group; not one dependence block
MEMBRANE_INTERFACE-TM_CORE,family:Q9X1B7,0.585528744292215,0.002784785517991311,one operational group; not one dependence block
MEMBRANE_INTERFACE-TM_CORE,family:Q9X1G6,0.5778883621325511,-0.004855596641672576,one operational group; not one dependence block
MEMBRANE_INTERFACE-TM_CORE,family:Q9X1H2,0.567898924708511,-0.014845034065712713,one operational group; not one dependence block
MEMBRANE_INTERFACE-TM_CORE,family:Q9Z2J0,0.5889009270606861,0.006156968286462339,one operational group; not one dependence block
MEMBRANE_INTERFACE-TM_CORE,family:Q9ZI86,0.5800916067331546,-0.0026523520410690754,one operational group; not one dependence block
MEMBRANE_INTERFACE-TM_CORE,family:S5DM51,0.5874522447785486,0.00470828600432488,one operational group; not one dependence block
MEMBRANE_INTERFACE-TM_CORE,family:S5UH55,0.5838476615544099,0.0011037027801861707,one operational group; not one dependence block
MEMBRANE_INTERFACE-TM_CORE,family:UNRESOLVED_POOLED,0.5839130805096613,0.0011691217354375255,one operational group; not one dependence block
MEMBRANE_INTERFACE-TM_CORE,family:W7FI62,0.5600170195928805,-0.022726939181343195,one operational group; not one dependence block
STRUCTURED_EXTRAMEMBRANE-MEMBRANE_INTERFACE,family:A0A0H3KP92,-0.6183539909809364,-0.02424808359210674,one operational group; not one dependence block
STRUCTURED_EXTRAMEMBRANE-MEMBRANE_INTERFACE,family:A0A0H3PAV1,-0.5974699018410561,-0.003363994452226446,one operational group; not one dependence block
STRUCTURED_EXTRAMEMBRANE-MEMBRANE_INTERFACE,family:A0A100XE85,-0.6255279295652253,-0.03142202217639566,one operational group; not one dependence block
STRUCTURED_EXTRAMEMBRANE-MEMBRANE_INTERFACE,family:A0A1C3HJ46,-0.6225080700167618,-0.028402162627932156,one operational group; not one dependence block
STRUCTURED_EXTRAMEMBRANE-MEMBRANE_INTERFACE,family:A0A1I2I8Z9,-0.5761415083956858,0.01796439899314382,one operational group; not one dependence block
STRUCTURED_EXTRAMEMBRANE-MEMBRANE_INTERFACE,family:A0A2S6NEG7,-0.6021319522983629,-0.008026044909533337,one operational group; not one dependence block
STRUCTURED_EXTRAMEMBRANE-MEMBRANE_INTERFACE,family:A0A2U9PNL2,-0.6109358639750632,-0.01682995658623355,one operational group; not one dependence block
STRUCTURED_EXTRAMEMBRANE-MEMBRANE_INTERFACE,family:A0A3D4RH01,-0.5539631471247317,0.040142760264097896,one operational group; not one dependence block
STRUCTURED_EXTRAMEMBRANE-MEMBRANE_INTERFACE,family:A0A3G8M5C3,-0.6020653040598554,-0.007959396671025805,one operational group; not one dependence block
STRUCTURED_EXTRAMEMBRANE-MEMBRANE_INTERFACE,family:A0A6J4B0E7,-0.6020833842167139,-0.00797747682788428,one operational group; not one dependence block
STRUCTURED_EXTRAMEMBRANE-MEMBRANE_INTERFACE,family:A0A6P1C618,-0.567257159298768,0.026848748090061575,one operational group; not one dependence block
STRUCTURED_EXTRAMEMBRANE-MEMBRANE_INTERFACE,family:A0A979HMS2,-0.5767861253515951,0.017319782037234464,one operational group; not one dependence block
STRUCTURED_EXTRAMEMBRANE-MEMBRANE_INTERFACE,family:A0L5S6,-0.5738790534663794,0.02022685392245021,one operational group; not one dependence block
STRUCTURED_EXTRAMEMBRANE-MEMBRANE_INTERFACE,family:A0QP27,-0.603225946060958,-0.009120038672128395,one operational group; not one dependence block
STRUCTURED_EXTRAMEMBRANE-MEMBRANE_INTERFACE,family:A0R612,-0.5788195555933207,0.015286351795508989,one operational group; not one dependence block
STRUCTURED_EXTRAMEMBRANE-MEMBRANE_INTERFACE,family:A5FJF3,-0.632569938983352,-0.03846403159452243,one operational group; not one dependence block
STRUCTURED_EXTRAMEMBRANE-MEMBRANE_INTERFACE,family:B0FAQ4,-0.5987015021981722,-0.004595594809342612,one operational group; not one dependence block
STRUCTURED_EXTRAMEMBRANE-MEMBRANE_INTERFACE,family:B3DLA5,-0.5693505831964903,0.024755324192339296,one operational group; not one dependence block
STRUCTURED_EXTRAMEMBRANE-MEMBRANE_INTERFACE,family:C7R5Z1,-0.6250778868951078,-0.030971979506278207,one operational group; not one dependence block
STRUCTURED_EXTRAMEMBRANE-MEMBRANE_INTERFACE,family:D0VWR1,-0.6014197398925816,-0.007313832503751984,one operational group; not one dependence block
STRUCTURED_EXTRAMEMBRANE-MEMBRANE_INTERFACE,family:D0VWR7,-0.5993915419829008,-0.00528563459407114,one operational group; not one dependence block
STRUCTURED_EXTRAMEMBRANE-MEMBRANE_INTERFACE,family:D0VWR8,-0.5953787592527426,-0.0012728518639129952,one operational group; not one dependence block
STRUCTURED_EXTRAMEMBRANE-MEMBRANE_INTERFACE,family:E1BF86,-0.6116615388847396,-0.01755563149591008,one operational group; not one dependence block
STRUCTURED_EXTRAMEMBRANE-MEMBRANE_INTERFACE,family:F1NCD6,-0.4804915351685734,0.11361437222025617,one operational group; not one dependence block
STRUCTURED_EXTRAMEMBRANE-MEMBRANE_INTERFACE,family:F6RG56,-0.5947989297249168,-0.0006930223360871943,one operational group; not one dependence block
STRUCTURED_EXTRAMEMBRANE-MEMBRANE_INTERFACE,family:G2Q5N0,-0.6044448946463578,-0.010338987257528173,one operational group; not one dependence block
STRUCTURED_EXTRAMEMBRANE-MEMBRANE_INTERFACE,family:G4Z2L3,-0.6045980330729936,-0.010492125684163998,one operational group; not one dependence block
STRUCTURED_EXTRAMEMBRANE-MEMBRANE_INTERFACE,family:I1J9K0,-0.5843189989288132,0.009786908460016324,one operational group; not one dependence block
STRUCTURED_EXTRAMEMBRANE-MEMBRANE_INTERFACE,family:L7N662,-0.5843244923100442,0.009781415078785344,one operational group; not one dependence block
STRUCTURED_EXTRAMEMBRANE-MEMBRANE_INTERFACE,family:M4GGS2,-0.605546944370089,-0.01144103698125943,one operational group; not one dependence block
STRUCTURED_EXTRAMEMBRANE-MEMBRANE_INTERFACE,family:O00767,-0.6013114821975094,-0.007205574808679793,one operational group; not one dependence block
STRUCTURED_EXTRAMEMBRANE-MEMBRANE_INTERFACE,family:O15118,-0.5965615887755819,-0.0024556813867523085,one operational group; not one dependence block
STRUCTURED_EXTRAMEMBRANE-MEMBRANE_INTERFACE,family:O15439,-0.5808730034697894,0.01323290391904014,one operational group; not one dependence block
STRUCTURED_EXTRAMEMBRANE-MEMBRANE_INTERFACE,family:O15554,-0.6067897877156252,-0.012683880326795627,one operational group; not one dependence block
STRUCTURED_EXTRAMEMBRANE-MEMBRANE_INTERFACE,family:O27985,-0.5935998711714155,0.0005060362174139944,one operational group; not one dependence block
STRUCTURED_EXTRAMEMBRANE-MEMBRANE_INTERFACE,family:O29777,-0.5999911459209665,-0.005885238532136929,one operational group; not one dependence block
STRUCTURED_EXTRAMEMBRANE-MEMBRANE_INTERFACE,family:O88454,-0.6422278812487704,-0.0481219738599408,one operational group; not one dependence block
STRUCTURED_EXTRAMEMBRANE-MEMBRANE_INTERFACE,family:O97467,-0.6272588835450545,-0.03315297615622496,one operational group; not one dependence block
STRUCTURED_EXTRAMEMBRANE-MEMBRANE_INTERFACE,family:P00157,-0.6017700934568216,-0.007664186067992025,one operational group; not one dependence block
STRUCTURED_EXTRAMEMBRANE-MEMBRANE_INTERFACE,family:P02710,-0.5911513585786379,0.0029545488101917136,one operational group; not one dependence block
STRUCTURED_EXTRAMEMBRANE-MEMBRANE_INTERFACE,family:P03960,-0.6346784185920671,-0.040572511203237474,one operational group; not one dependence block
STRUCTURED_EXTRAMEMBRANE-MEMBRANE_INTERFACE,family:P05023,-0.6012195663905878,-0.007113659001758282,one operational group; not one dependence block
STRUCTURED_EXTRAMEMBRANE-MEMBRANE_INTERFACE,family:P05030,-0.5452633867580733,0.04884252063075628,one operational group; not one dependence block
STRUCTURED_EXTRAMEMBRANE-MEMBRANE_INTERFACE,family:P08183,-0.5795632580084876,0.014542649380341974,one operational group; not one dependence block
STRUCTURED_EXTRAMEMBRANE-MEMBRANE_INTERFACE,family:P08842,-0.5674455438480691,0.02666036354076048,one operational group; not one dependence block
STRUCTURED_EXTRAMEMBRANE-MEMBRANE_INTERFACE,family:P0AEK7,-0.5533002444151944,0.0408056629736352,one operational group; not one dependence block
STRUCTURED_EXTRAMEMBRANE-MEMBRANE_INTERFACE,family:P0AGF4,-0.6659740439486652,-0.0718681365598356,one operational group; not one dependence block
STRUCTURED_EXTRAMEMBRANE-MEMBRANE_INTERFACE,family:P10903,-0.4763555562128188,0.11775035117601082,one operational group; not one dependence block
STRUCTURED_EXTRAMEMBRANE-MEMBRANE_INTERFACE,family:P21616,-0.5832063687209228,0.010899538667906786,one operational group; not one dependence block
STRUCTURED_EXTRAMEMBRANE-MEMBRANE_INTERFACE,family:P23886,-0.5697030537234704,0.024402853665359166,one operational group; not one dependence block
STRUCTURED_EXTRAMEMBRANE-MEMBRANE_INTERFACE,family:P29018,-0.5523015602193551,0.04180434716947448,one operational group; not one dependence block
STRUCTURED_EXTRAMEMBRANE-MEMBRANE_INTERFACE,family:P29388,-0.6120628405396531,-0.0179569331508235,one operational group; not one dependence block
STRUCTURED_EXTRAMEMBRANE-MEMBRANE_INTERFACE,family:P29973,-0.6435818684088327,-0.04947596102000311,one operational group; not one dependence block
STRUCTURED_EXTRAMEMBRANE-MEMBRANE_INTERFACE,family:P30572,-0.5754134083439737,0.018692499044855888,one operational group; not one dependence block
STRUCTURED_EXTRAMEMBRANE-MEMBRANE_INTERFACE,family:P31224,-0.6107595740606936,-0.01665366667186396,one operational group; not one dependence block
STRUCTURED_EXTRAMEMBRANE-MEMBRANE_INTERFACE,family:P31382,-0.5724827282419364,0.02162317914689328,one operational group; not one dependence block
STRUCTURED_EXTRAMEMBRANE-MEMBRANE_INTERFACE,family:P31639,-0.6056949441615145,-0.011589036772684854,one operational group; not one dependence block
STRUCTURED_EXTRAMEMBRANE-MEMBRANE_INTERFACE,family:P33897,-0.6054072414070144,-0.011301334018184832,one operational group; not one dependence block
STRUCTURED_EXTRAMEMBRANE-MEMBRANE_INTERFACE,family:P34413,-0.6099008578141067,-0.01579495042527716,one operational group; not one dependence block
STRUCTURED_EXTRAMEMBRANE-MEMBRANE_INTERFACE,family:P38054,-0.5820239875086809,0.012081919880148687,one operational group; not one dependence block
STRUCTURED_EXTRAMEMBRANE-MEMBRANE_INTERFACE,family:P39007,-0.6042505179625597,-0.010144610573730069,one operational group; not one dependence block
STRUCTURED_EXTRAMEMBRANE-MEMBRANE_INTERFACE,family:P39524,-0.5620167661020983,0.032089141286731265,one operational group; not one dependence block
STRUCTURED_EXTRAMEMBRANE-MEMBRANE_INTERFACE,family:P39986,-0.6205610563214257,-0.026455148932596085,one operational group; not one dependence block
STRUCTURED_EXTRAMEMBRANE-MEMBRANE_INTERFACE,family:P41180,-0.6661970713812371,-0.0720911639924075,one operational group; not one dependence block
STRUCTURED_EXTRAMEMBRANE-MEMBRANE_INTERFACE,family:P45844,-0.6297555258902968,-0.03564961850146724,one operational group; not one dependence block
STRUCTURED_EXTRAMEMBRANE-MEMBRANE_INTERFACE,family:P47075,-0.5511452591949079,0.042960648193921674,one operational group; not one dependence block
STRUCTURED_EXTRAMEMBRANE-MEMBRANE_INTERFACE,family:P51798,-0.616405613885466,-0.022299706496636384,one operational group; not one dependence block
STRUCTURED_EXTRAMEMBRANE-MEMBRANE_INTERFACE,family:P54582,-0.5905361606703399,0.0035697467184897004,one operational group; not one dependence block
STRUCTURED_EXTRAMEMBRANE-MEMBRANE_INTERFACE,family:P56726,-0.6344122587581996,-0.04030635136937008,one operational group; not one dependence block
STRUCTURED_EXTRAMEMBRANE-MEMBRANE_INTERFACE,family:P75831,-0.5808785200993417,0.013227387289487837,one operational group; not one dependence block
STRUCTURED_EXTRAMEMBRANE-MEMBRANE_INTERFACE,family:P92558,-0.6006298352380064,-0.006523927849176776,one operational group; not one dependence block
STRUCTURED_EXTRAMEMBRANE-MEMBRANE_INTERFACE,family:P92960,-0.6175376854901828,-0.023431778101353287,one operational group; not one dependence block
STRUCTURED_EXTRAMEMBRANE-MEMBRANE_INTERFACE,family:P93313,-0.5987793300379879,-0.0046734226491582966,one operational group; not one dependence block
STRUCTURED_EXTRAMEMBRANE-MEMBRANE_INTERFACE,family:P9WN03,-0.5787113878664727,0.015394519522356903,one operational group; not one dependence block
STRUCTURED_EXTRAMEMBRANE-MEMBRANE_INTERFACE,family:P9WP37,-0.6044628392568888,-0.010356931868059187,one operational group; not one dependence block
STRUCTURED_EXTRAMEMBRANE-MEMBRANE_INTERFACE,family:Q03720,-0.5990368731486739,-0.0049309657598443565,one operational group; not one dependence block
STRUCTURED_EXTRAMEMBRANE-MEMBRANE_INTERFACE,family:Q03PY7,-0.5609494453299623,0.033156462058867284,one operational group; not one dependence block
STRUCTURED_EXTRAMEMBRANE-MEMBRANE_INTERFACE,family:Q13563,-0.6010603693906389,-0.00695446200180928,one operational group; not one dependence block
STRUCTURED_EXTRAMEMBRANE-MEMBRANE_INTERFACE,family:Q3TH73,-0.5997034524738121,-0.005597545084982426,one operational group; not one dependence block
STRUCTURED_EXTRAMEMBRANE-MEMBRANE_INTERFACE,family:Q5SHQ8,-0.5789809430304325,0.015124964358397084,one operational group; not one dependence block
STRUCTURED_EXTRAMEMBRANE-MEMBRANE_INTERFACE,family:Q5SKE6,-0.5976339429816564,-0.0035280355928268142,one operational group; not one dependence block
STRUCTURED_EXTRAMEMBRANE-MEMBRANE_INTERFACE,family:Q5VTY9,-0.6247521966251328,-0.030646289236303196,one operational group; not one dependence block
STRUCTURED_EXTRAMEMBRANE-MEMBRANE_INTERFACE,family:Q5W0Z9,-0.59060156396024,0.0035043434285896534,one operational group; not one dependence block
STRUCTURED_EXTRAMEMBRANE-MEMBRANE_INTERFACE,family:Q5XEZ5,-0.6018164446773426,-0.007710537288512995,one operational group; not one dependence block
STRUCTURED_EXTRAMEMBRANE-MEMBRANE_INTERFACE,family:Q687X5,-0.6038671365465117,-0.009761229157682124,one operational group; not one dependence block
STRUCTURED_EXTRAMEMBRANE-MEMBRANE_INTERFACE,family:Q6J8X0,-0.6155564152353968,-0.021450507846567258,one operational group; not one dependence block
STRUCTURED_EXTRAMEMBRANE-MEMBRANE_INTERFACE,family:Q7Z3C6,-0.6089122855780715,-0.014806378189241923,one operational group; not one dependence block
STRUCTURED_EXTRAMEMBRANE-MEMBRANE_INTERFACE,family:Q80WG5,-0.5613720980890138,0.032733809299815855,one operational group; not one dependence block
STRUCTURED_EXTRAMEMBRANE-MEMBRANE_INTERFACE,family:Q8BHY3,-0.4374057687557649,0.15670013863306465,one operational group; not one dependence block
STRUCTURED_EXTRAMEMBRANE-MEMBRANE_INTERFACE,family:Q8C1E7,-0.6005698575736758,-0.006463950184846124,one operational group; not one dependence block
STRUCTURED_EXTRAMEMBRANE-MEMBRANE_INTERFACE,family:Q8FDZ8,-0.5988254284995853,-0.004719521110755753,one operational group; not one dependence block
STRUCTURED_EXTRAMEMBRANE-MEMBRANE_INTERFACE,family:Q8K424,-0.6229056062338949,-0.028799698845065336,one operational group; not one dependence block
STRUCTURED_EXTRAMEMBRANE-MEMBRANE_INTERFACE,family:Q8N5C1,-0.6115261579483786,-0.017420250559549,one operational group; not one dependence block
STRUCTURED_EXTRAMEMBRANE-MEMBRANE_INTERFACE,family:Q8RCC3,-0.6262620207803945,-0.03215611339156491,one operational group; not one dependence block
STRUCTURED_EXTRAMEMBRANE-MEMBRANE_INTERFACE,family:Q8U4M3,-0.5700693307370238,0.024036576651805756,one operational group; not one dependence block
STRUCTURED_EXTRAMEMBRANE-MEMBRANE_INTERFACE,family:Q8VCW4,-0.5787102217615584,0.015395685627271182,one operational group; not one dependence block
STRUCTURED_EXTRAMEMBRANE-MEMBRANE_INTERFACE,family:Q94KI8,-0.6369899952902334,-0.04288408790140376,one operational group; not one dependence block
STRUCTURED_EXTRAMEMBRANE-MEMBRANE_INTERFACE,family:Q9EQJ0,-0.6453826716527782,-0.05127676426394858,one operational group; not one dependence block
STRUCTURED_EXTRAMEMBRANE-MEMBRANE_INTERFACE,family:Q9H221,-0.5499313314623776,0.044174575926451964,one operational group; not one dependence block
STRUCTURED_EXTRAMEMBRANE-MEMBRANE_INTERFACE,family:Q9H222,-0.5961123609624461,-0.0020064535736165692,one operational group; not one dependence block
STRUCTURED_EXTRAMEMBRANE-MEMBRANE_INTERFACE,family:Q9KDP2,-0.6260861219426966,-0.03198021455386706,one operational group; not one dependence block
STRUCTURED_EXTRAMEMBRANE-MEMBRANE_INTERFACE,family:Q9NQ11,-0.5836220103856267,0.010483897003202899,one operational group; not one dependence block
STRUCTURED_EXTRAMEMBRANE-MEMBRANE_INTERFACE,family:Q9NW15,-0.5898226134157512,0.004283293973078497,one operational group; not one dependence block
STRUCTURED_EXTRAMEMBRANE-MEMBRANE_INTERFACE,family:Q9UNQ0,-0.5913763780927627,0.002729529296066971,one operational group; not one dependence block
STRUCTURED_EXTRAMEMBRANE-MEMBRANE_INTERFACE,family:Q9X1H2,-0.4905674642540842,0.10353844313474538,one operational group; not one dependence block
STRUCTURED_EXTRAMEMBRANE-MEMBRANE_INTERFACE,family:Q9ZI86,-0.6193990762334051,-0.02529316884457549,one operational group; not one dependence block
STRUCTURED_EXTRAMEMBRANE-MEMBRANE_INTERFACE,family:S5UH55,-0.5974638852418546,-0.0033579778530249543,one operational group; not one dependence block
STRUCTURED_EXTRAMEMBRANE-MEMBRANE_INTERFACE,family:UNRESOLVED_POOLED,-0.5987889423894363,-0.004683035000606611,one operational group; not one dependence block
STRUCTURED_EXTRAMEMBRANE-TM_CORE,family:A0A0H2V8D3,0.04415815555367071,-0.020643511809197237,one operational group; not one dependence block
STRUCTURED_EXTRAMEMBRANE-TM_CORE,family:A0A0H3KP92,0.06216505561119311,-0.002636611751674839,one operational group; not one dependence block
STRUCTURED_EXTRAMEMBRANE-TM_CORE,family:A0A0H3PAV1,0.06471602897611886,-8.563838674908878e-05,one operational group; not one dependence block
STRUCTURED_EXTRAMEMBRANE-TM_CORE,family:A0A100XE85,0.0481995088769269,-0.016602158485941043,one operational group; not one dependence block
STRUCTURED_EXTRAMEMBRANE-TM_CORE,family:A0A1C3HJ46,0.062016860638057024,-0.002784806724810923,one operational group; not one dependence block
STRUCTURED_EXTRAMEMBRANE-TM_CORE,family:A0A1I2I8Z9,0.08103420704017075,0.0162325396773028,one operational group; not one dependence block
STRUCTURED_EXTRAMEMBRANE-TM_CORE,family:A0A2U9PNL2,0.07163184035552467,0.006830172992656721,one operational group; not one dependence block
STRUCTURED_EXTRAMEMBRANE-TM_CORE,family:A0A3D4RH01,0.10517125583856678,0.04036958847569883,one operational group; not one dependence block
STRUCTURED_EXTRAMEMBRANE-TM_CORE,family:A0A6J4B0E7,0.07030413402672411,0.0055024666638561716,one operational group; not one dependence block
STRUCTURED_EXTRAMEMBRANE-TM_CORE,family:A0A6P1C618,0.10645574959076817,0.04165408222790022,one operational group; not one dependence block
STRUCTURED_EXTRAMEMBRANE-TM_CORE,family:A0A979HMS2,0.044580743028195674,-0.020220924334672274,one operational group; not one dependence block
STRUCTURED_EXTRAMEMBRANE-TM_CORE,family:A0L5S6,0.08497838733205354,0.02017671996918559,one operational group; not one dependence block
STRUCTURED_EXTRAMEMBRANE-TM_CORE,family:A0QP27,0.06384455933292905,-0.0009571080299388877,one operational group; not one dependence block
STRUCTURED_EXTRAMEMBRANE-TM_CORE,family:A0R612,0.07465145738054996,0.009849790017682014,one operational group; not one dependence block
STRUCTURED_EXTRAMEMBRANE-TM_CORE,family:A5FJF3,0.041447973829420684,-0.023353693533447264,one operational group; not one dependence block
STRUCTURED_EXTRAMEMBRANE-TM_CORE,family:B0FAQ4,0.061921409855738935,-0.0028802575071290148,one operational group; not one dependence block
STRUCTURED_EXTRAMEMBRANE-TM_CORE,family:B3DLA5,-0.0031152100579514325,-0.06791687742081938,one operational group; not one dependence block
STRUCTURED_EXTRAMEMBRANE-TM_CORE,family:C7R5Z1,0.055073413671645,-0.00972825369122295,one operational group; not one dependence block
STRUCTURED_EXTRAMEMBRANE-TM_CORE,family:D0VWR1,0.0642040293887357,-0.0005976379741322465,one operational group; not one dependence block
STRUCTURED_EXTRAMEMBRANE-TM_CORE,family:D0VWR7,0.07714831876978646,0.012346651406918515,one operational group; not one dependence block
STRUCTURED_EXTRAMEMBRANE-TM_CORE,family:D0VWR8,0.06843849225782009,0.0036368248949521426,one operational group; not one dependence block
STRUCTURED_EXTRAMEMBRANE-TM_CORE,family:D6WJ77,0.021660603315469103,-0.04314106404739884,one operational group; not one dependence block
STRUCTURED_EXTRAMEMBRANE-TM_CORE,family:E1BF86,0.04117338348281957,-0.02362828388004838,one operational group; not one dependence block
STRUCTURED_EXTRAMEMBRANE-TM_CORE,family:E9DVV4,0.10671645421009136,0.04191478684722341,one operational group; not one dependence block
STRUCTURED_EXTRAMEMBRANE-TM_CORE,family:F1NCD6,0.16979427923550214,0.10499261187263417,one operational group; not one dependence block
STRUCTURED_EXTRAMEMBRANE-TM_CORE,family:F6RG56,0.0567155534709959,-0.008086113891872049,one operational group; not one dependence block
STRUCTURED_EXTRAMEMBRANE-TM_CORE,family:F8W463,0.031271429572205564,-0.03353023779066239,one operational group; not one dependence block
STRUCTURED_EXTRAMEMBRANE-TM_CORE,family:G2Q5N0,-0.06259431181550934,-0.1273959791783773,one operational group; not one dependence block
STRUCTURED_EXTRAMEMBRANE-TM_CORE,family:G4Z2L3,0.05115379152133109,-0.013647875841536858,one operational group; not one dependence block
STRUCTURED_EXTRAMEMBRANE-TM_CORE,family:H2MCM1,0.06816487979738921,0.003363212434521264,one operational group; not one dependence block
STRUCTURED_EXTRAMEMBRANE-TM_CORE,family:I1J9K0,0.07100233552724501,0.006200668164377059,one operational group; not one dependence block
STRUCTURED_EXTRAMEMBRANE-TM_CORE,family:L7N662,0.07269188728934523,0.00789021992647727,one operational group; not one dependence block
STRUCTURED_EXTRAMEMBRANE-TM_CORE,family:M4GGS2,0.07385186544487665,0.009050198082008704,one operational group; not one dependence block
STRUCTURED_EXTRAMEMBRANE-TM_CORE,family:O00767,0.06400162978114962,-0.0008000375817183341,one operational group; not one dependence block
STRUCTURED_EXTRAMEMBRANE-TM_CORE,family:O15118,0.06414167106878048,-0.0006599962940874644,one operational group; not one dependence block
STRUCTURED_EXTRAMEMBRANE-TM_CORE,family:O15439,0.07623568354627067,0.011434016183402718,one operational group; not one dependence block
STRUCTURED_EXTRAMEMBRANE-TM_CORE,family:O15554,0.06932488896869311,0.004523221605825167,one operational group; not one dependence block
STRUCTURED_EXTRAMEMBRANE-TM_CORE,family:O27985,0.0548449887943198,-0.009956678568548146,one operational group; not one dependence block
STRUCTURED_EXTRAMEMBRANE-TM_CORE,family:O29777,0.05782486902644877,-0.006976798336419182,one operational group; not one dependence block
STRUCTURED_EXTRAMEMBRANE-TM_CORE,family:O88454,0.04942335567531326,-0.015378311687554689,one operational group; not one dependence block
STRUCTURED_EXTRAMEMBRANE-TM_CORE,family:O93430,0.06536103313827724,0.0005593657754092863,one operational group; not one dependence block
STRUCTURED_EXTRAMEMBRANE-TM_CORE,family:O97467,0.053043039239146904,-0.011758628123721042,one operational group; not one dependence block
STRUCTURED_EXTRAMEMBRANE-TM_CORE,family:P00157,0.062393447661475754,-0.002408219701392192,one operational group; not one dependence block
STRUCTURED_EXTRAMEMBRANE-TM_CORE,family:P00410,0.05810255990343995,-0.006699107459427994,one operational group; not one dependence block
STRUCTURED_EXTRAMEMBRANE-TM_CORE,family:P02710,0.06949083530423764,0.004689167941369682,one operational group; not one dependence block
STRUCTURED_EXTRAMEMBRANE-TM_CORE,family:P03960,0.03883577597776938,-0.02596589138509857,one operational group; not one dependence block
STRUCTURED_EXTRAMEMBRANE-TM_CORE,family:P05023,0.06655904079814716,0.001757373435279212,one operational group; not one dependence block
STRUCTURED_EXTRAMEMBRANE-TM_CORE,family:P05030,0.12495023888898504,0.06014857152611709,one operational group; not one dependence block
STRUCTURED_EXTRAMEMBRANE-TM_CORE,family:P08183,0.07683844931796009,0.01203678195509214,one operational group; not one dependence block
STRUCTURED_EXTRAMEMBRANE-TM_CORE,family:P08842,0.10090026371611263,0.03609859635324468,one operational group; not one dependence block
STRUCTURED_EXTRAMEMBRANE-TM_CORE,family:P0A1M6,0.12212476111332494,0.057323093750456994,one operational group; not one dependence block
STRUCTURED_EXTRAMEMBRANE-TM_CORE,family:P0ADC3,0.05823226525449913,-0.006569402108368822,one operational group; not one dependence block
STRUCTURED_EXTRAMEMBRANE-TM_CORE,family:P0AEK7,0.05893772280788297,-0.005863944554984981,one operational group; not one dependence block
STRUCTURED_EXTRAMEMBRANE-TM_CORE,family:P0AGF4,0.020307368612822414,-0.044494298750045534,one operational group; not one dependence block
STRUCTURED_EXTRAMEMBRANE-TM_CORE,family:P0DO17,0.13645873890325255,0.07165707154038461,one operational group; not one dependence block
STRUCTURED_EXTRAMEMBRANE-TM_CORE,family:P10903,0.1748284785245234,0.11002681116165547,one operational group; not one dependence block
STRUCTURED_EXTRAMEMBRANE-TM_CORE,family:P21616,0.08040127336565173,0.015599606002783779,one operational group; not one dependence block
STRUCTURED_EXTRAMEMBRANE-TM_CORE,family:P23886,0.06669030591310132,0.001888638550233369,one operational group; not one dependence block
STRUCTURED_EXTRAMEMBRANE-TM_CORE,family:P25656,0.087482982124321,0.022681314761453047,one operational group; not one dependence block
STRUCTURED_EXTRAMEMBRANE-TM_CORE,family:P29018,0.13022385902544734,0.06542219166257938,one operational group; not one dependence block
STRUCTURED_EXTRAMEMBRANE-TM_CORE,family:P29388,0.04358150805054513,-0.021220159312322823,one operational group; not one dependence block
STRUCTURED_EXTRAMEMBRANE-TM_CORE,family:P29973,0.01663764186735191,-0.04816402549551604,one operational group; not one dependence block
STRUCTURED_EXTRAMEMBRANE-TM_CORE,family:P30572,0.07493218213253149,0.010130514769663541,one operational group; not one dependence block
STRUCTURED_EXTRAMEMBRANE-TM_CORE,family:P31224,0.03239088045419415,-0.0324107869086738,one operational group; not one dependence block
STRUCTURED_EXTRAMEMBRANE-TM_CORE,family:P31382,0.08928296710328049,0.02448129974041254,one operational group; not one dependence block
STRUCTURED_EXTRAMEMBRANE-TM_CORE,family:P31639,0.05163130825892616,-0.013170359103941787,one operational group; not one dependence block
STRUCTURED_EXTRAMEMBRANE-TM_CORE,family:P33897,0.04706286685379099,-0.01773880050907696,one operational group; not one dependence block
STRUCTURED_EXTRAMEMBRANE-TM_CORE,family:P34413,0.052218531399047724,-0.012583135963820222,one operational group; not one dependence block
STRUCTURED_EXTRAMEMBRANE-TM_CORE,family:P35439,0.08003405103787722,0.015232383675009283,one operational group; not one dependence block
STRUCTURED_EXTRAMEMBRANE-TM_CORE,family:P36039,0.03511002065458925,-0.029691646708278698,one operational group; not one dependence block
STRUCTURED_EXTRAMEMBRANE-TM_CORE,family:P38054,0.09235091133593265,0.0275492439730647,one operational group; not one dependence block
STRUCTURED_EXTRAMEMBRANE-TM_CORE,family:P39007,0.06298848528320221,-0.0018131820796657427,one operational group; not one dependence block
STRUCTURED_EXTRAMEMBRANE-TM_CORE,family:P39524,0.09917190740682205,0.03437024004395411,one operational group; not one dependence block
STRUCTURED_EXTRAMEMBRANE-TM_CORE,family:P39986,0.0353235425049225,-0.029478124857945452,one operational group; not one dependence block
STRUCTURED_EXTRAMEMBRANE-TM_CORE,family:P41180,0.04436851647906407,-0.020433150883803878,one operational group; not one dependence block
STRUCTURED_EXTRAMEMBRANE-TM_CORE,family:P45844,0.03102061317888126,-0.03378105418398669,one operational group; not one dependence block
STRUCTURED_EXTRAMEMBRANE-TM_CORE,family:P47075,0.10271398922086668,0.03791232185799873,one operational group; not one dependence block
STRUCTURED_EXTRAMEMBRANE-TM_CORE,family:P51798,0.05914191840734841,-0.0056597489555195455,one operational group; not one dependence block
STRUCTURED_EXTRAMEMBRANE-TM_CORE,family:P54582,0.06935063002154264,0.004548962658674691,one operational group; not one dependence block
STRUCTURED_EXTRAMEMBRANE-TM_CORE,family:P54702,0.0675058173204035,0.0027041499575355585,one operational group; not one dependence block
STRUCTURED_EXTRAMEMBRANE-TM_CORE,family:P56726,-0.00996300687937623,-0.07476467424224419,one operational group; not one dependence block
STRUCTURED_EXTRAMEMBRANE-TM_CORE,family:P60955,0.02717319241601338,-0.03762847494685457,one operational group; not one dependence block
STRUCTURED_EXTRAMEMBRANE-TM_CORE,family:P64606,0.05366055960965082,-0.011141107753217128,one operational group; not one dependence block
STRUCTURED_EXTRAMEMBRANE-TM_CORE,family:P68183,0.061569123649528365,-0.003232543713339582,one operational group; not one dependence block
STRUCTURED_EXTRAMEMBRANE-TM_CORE,family:P69380,0.04774839164545408,-0.01705327571741387,one operational group; not one dependence block
STRUCTURED_EXTRAMEMBRANE-TM_CORE,family:P75831,0.07552669136845389,0.010725024005585934,one operational group; not one dependence block
STRUCTURED_EXTRAMEMBRANE-TM_CORE,family:P76372,0.06674399684784242,0.0019423294849744738,one operational group; not one dependence block
STRUCTURED_EXTRAMEMBRANE-TM_CORE,family:P77335,0.1650265475851767,0.10022488022230876,one operational group; not one dependence block
STRUCTURED_EXTRAMEMBRANE-TM_CORE,family:P78348,-0.033565555517534276,-0.09836722288040223,one operational group; not one dependence block
STRUCTURED_EXTRAMEMBRANE-TM_CORE,family:P92558,0.06593425881855515,0.0011325914556872037,one operational group; not one dependence block
STRUCTURED_EXTRAMEMBRANE-TM_CORE,family:P92960,0.0639820607337746,-0.0008196066290933491,one operational group; not one dependence block
STRUCTURED_EXTRAMEMBRANE-TM_CORE,family:P93313,0.0696646233798042,0.004862956016936251,one operational group; not one dependence block
STRUCTURED_EXTRAMEMBRANE-TM_CORE,family:P9WH23,0.0796539366529378,0.014852269290069851,one operational group; not one dependence block
STRUCTURED_EXTRAMEMBRANE-TM_CORE,family:P9WN03,0.08882542882914,0.02402376146627206,one operational group; not one dependence block
STRUCTURED_EXTRAMEMBRANE-TM_CORE,family:P9WP37,0.04822182576736817,-0.016579841595499776,one operational group; not one dependence block
STRUCTURED_EXTRAMEMBRANE-TM_CORE,family:Q00959,0.06271863408987036,-0.002083033272997595,one operational group; not one dependence block
STRUCTURED_EXTRAMEMBRANE-TM_CORE,family:Q02725,0.0972715235315976,0.03246985616872965,one operational group; not one dependence block
STRUCTURED_EXTRAMEMBRANE-TM_CORE,family:Q03720,0.0631081697369277,-0.0016934976259402445,one operational group; not one dependence block
STRUCTURED_EXTRAMEMBRANE-TM_CORE,family:Q03PY7,0.04203267443511936,-0.022768992927748585,one operational group; not one dependence block
STRUCTURED_EXTRAMEMBRANE-TM_CORE,family:Q03S56,0.06698473381284598,0.0021830664499780314,one operational group; not one dependence block
STRUCTURED_EXTRAMEMBRANE-TM_CORE,family:Q13563,0.0660079319256311,0.001206264562763151,one operational group; not one dependence block
STRUCTURED_EXTRAMEMBRANE-TM_CORE,family:Q3TH73,0.07644732091422131,0.011645653551353361,one operational group; not one dependence block
STRUCTURED_EXTRAMEMBRANE-TM_CORE,family:Q58439,0.09266787559543319,0.02786620823256524,one operational group; not one dependence block
STRUCTURED_EXTRAMEMBRANE-TM_CORE,family:Q5FKK5,0.0593223541287822,-0.005479313234085749,one operational group; not one dependence block
STRUCTURED_EXTRAMEMBRANE-TM_CORE,family:Q5SHQ8,0.08525141800553648,0.02044975064266854,one operational group; not one dependence block
STRUCTURED_EXTRAMEMBRANE-TM_CORE,family:Q5SJ79,0.06274647779032674,-0.0020551895725412083,one operational group; not one dependence block
STRUCTURED_EXTRAMEMBRANE-TM_CORE,family:Q5SKE6,0.06680188183669393,0.0020002144738259764,one operational group; not one dependence block
STRUCTURED_EXTRAMEMBRANE-TM_CORE,family:Q5VTY9,0.05671908377748557,-0.008082583585382374,one operational group; not one dependence block
STRUCTURED_EXTRAMEMBRANE-TM_CORE,family:Q5W0Z9,0.06534898755013155,0.0005473201872635992,one operational group; not one dependence block
STRUCTURED_EXTRAMEMBRANE-TM_CORE,family:Q5XEZ5,0.044991697001172795,-0.019809970361695156,one operational group; not one dependence block
STRUCTURED_EXTRAMEMBRANE-TM_CORE,family:Q64663,0.09011370350038393,0.025312036137515984,one operational group; not one dependence block
STRUCTURED_EXTRAMEMBRANE-TM_CORE,family:Q687X5,0.04508186968312999,-0.01971979767973796,one operational group; not one dependence block
STRUCTURED_EXTRAMEMBRANE-TM_CORE,family:Q6J8X0,0.05454371670599125,-0.010257950656876697,one operational group; not one dependence block
STRUCTURED_EXTRAMEMBRANE-TM_CORE,family:Q7Z3C6,0.0500519081351005,-0.014749759227767452,one operational group; not one dependence block
STRUCTURED_EXTRAMEMBRANE-TM_CORE,family:Q80WG5,0.09433562058586265,0.0295339532229947,one operational group; not one dependence block
STRUCTURED_EXTRAMEMBRANE-TM_CORE,family:Q86WV6,0.058200559557223606,-0.0066011078056443405,one operational group; not one dependence block
STRUCTURED_EXTRAMEMBRANE-TM_CORE,family:Q8BHY3,0.1376815685406413,0.07287990117777338,one operational group; not one dependence block
STRUCTURED_EXTRAMEMBRANE-TM_CORE,family:Q8C1E7,0.06087590726257363,-0.003925760100294317,one operational group; not one dependence block
STRUCTURED_EXTRAMEMBRANE-TM_CORE,family:Q8FDZ8,0.07301412851325814,0.008212461150390192,one operational group; not one dependence block
STRUCTURED_EXTRAMEMBRANE-TM_CORE,family:Q8K424,0.04507951476080106,-0.01972215260206689,one operational group; not one dependence block
STRUCTURED_EXTRAMEMBRANE-TM_CORE,family:Q8N5C1,0.0666099535272854,0.0018082861644174515,one operational group; not one dependence block
STRUCTURED_EXTRAMEMBRANE-TM_CORE,family:Q8NE86,0.0890949857358374,0.02429331837296945,one operational group; not one dependence block
STRUCTURED_EXTRAMEMBRANE-TM_CORE,family:Q8RWA7,0.0533979704453229,-0.011403696917545048,one operational group; not one dependence block
STRUCTURED_EXTRAMEMBRANE-TM_CORE,family:Q8U4M3,0.08370116511303162,0.018899497750163665,one operational group; not one dependence block
STRUCTURED_EXTRAMEMBRANE-TM_CORE,family:Q8VCW4,0.013138586451226252,-0.0516630809116417,one operational group; not one dependence block
STRUCTURED_EXTRAMEMBRANE-TM_CORE,family:Q94KI8,-0.026388186614035858,-0.0911898539769038,one operational group; not one dependence block
STRUCTURED_EXTRAMEMBRANE-TM_CORE,family:Q9EQJ0,0.03809767623628069,-0.026703991126587254,one operational group; not one dependence block
STRUCTURED_EXTRAMEMBRANE-TM_CORE,family:Q9H221,0.0913749323965436,0.02657326503367565,one operational group; not one dependence block
STRUCTURED_EXTRAMEMBRANE-TM_CORE,family:Q9H222,0.07202189704309796,0.007220229680230002,one operational group; not one dependence block
STRUCTURED_EXTRAMEMBRANE-TM_CORE,family:Q9HA72,0.046741736989847744,-0.018059930373020207,one operational group; not one dependence block
STRUCTURED_EXTRAMEMBRANE-TM_CORE,family:Q9HW12,0.09156899092758229,0.026767323564714347,one operational group; not one dependence block
STRUCTURED_EXTRAMEMBRANE-TM_CORE,family:Q9JI12,0.041518347456439286,-0.023283319906428665,one operational group; not one dependence block
STRUCTURED_EXTRAMEMBRANE-TM_CORE,family:Q9NQ11,0.050542413614486165,-0.014259253748381785,one operational group; not one dependence block
STRUCTURED_EXTRAMEMBRANE-TM_CORE,family:Q9NW15,0.06033686531397163,-0.004464802048896317,one operational group; not one dependence block
STRUCTURED_EXTRAMEMBRANE-TM_CORE,family:Q9UNQ0,0.07522324619320137,0.010421578830333412,one operational group; not one dependence block
STRUCTURED_EXTRAMEMBRANE-TM_CORE,family:Q9WZ31,0.06937822330722744,0.004576555944359498,one operational group; not one dependence block
STRUCTURED_EXTRAMEMBRANE-TM_CORE,family:Q9X1H2,0.11053184259858044,0.045730175235712496,one operational group; not one dependence block
STRUCTURED_EXTRAMEMBRANE-TM_CORE,family:Q9X4B9,0.07178403755910936,0.006982370196241419,one operational group; not one dependence block
STRUCTURED_EXTRAMEMBRANE-TM_CORE,family:Q9ZI86,0.049008248472127126,-0.015793418890740825,one operational group; not one dependence block
STRUCTURED_EXTRAMEMBRANE-TM_CORE,family:S5UH55,0.03836164011522693,-0.026440027247641024,one operational group; not one dependence block
STRUCTURED_EXTRAMEMBRANE-TM_CORE,family:UNRESOLVED_POOLED,0.03798285122757743,-0.02681881613529052,one operational group; not one dependence block
